[
{
	"coin_name": "Bitcoin",
	"coin_shortcut": "BTC",
	"coin_label": "Bitcoin",
	"address_type": 0,
	"address_type_p2sh": 5,
	"maxfee_kb": 2000000,
	"minfee_kb": 1000,
	"signed_message_header": "Bitcoin Signed Message:\n",
	"hash_genesis_block": "000000000019d6689c085ae165831e934ff763ae46a2a6c172b3f1b60a8ce26f",
	"xprv_magic": "0488ade4",
	"xpub_magic": "0488b21e",
	"xpub_magic_segwit_p2sh": "049d7cb2",
	"bech32_prefix": "bc",
	"bip44": 0,
	"segwit": true,
	"forkid": null,
	"force_bip143": false,
	"default_fee_b": {
		"Low": 10,
		"Economy": 70,
		"Normal": 140,
		"High": 200
	},
	"dust_limit": 546,
	"blocktime_minutes": 10,
	"firmware": "stable",
	"address_prefix": "bitcoin:",
	"min_address_length": 27,
	"max_address_length": 34,
	"bitcore": [
		"https://btc-bitcore3.trezor.io",
		"https://btc-bitcore1.trezor.io"
	]
},
{
	"coin_name": "Testnet",
	"coin_shortcut": "TEST",
	"coin_label": "Testnet",
	"address_type": 111,
	"address_type_p2sh": 196,
	"maxfee_kb": 10000000,
	"minfee_kb": 1000,
	"signed_message_header": "Bitcoin Signed Message:\n",
	"hash_genesis_block": "000000000933ea01ad0ee984209779baaec3ced90fa3f408719526f8d77f4943",
	"xprv_magic": "04358394",
	"xpub_magic": "043587cf",
	"xpub_magic_segwit_p2sh": "044a5262",
	"bech32_prefix": "tb",
	"bip44": 1,
	"segwit": true,
	"forkid": null,
	"force_bip143": false,
	"default_fee_b": {
		"Normal": 10
	},
	"dust_limit": 546,
	"blocktime_minutes": 10,
	"firmware": "stable",
	"address_prefix": "bitcoin:",
	"min_address_length": 27,
	"max_address_length": 34,
	"bitcore": [
		"https://testnet-bitcore3.trezor.io",
		"https://testnet-bitcore4.trezor.io"
	]
},
{
	"coin_name": "Bcash",
	"coin_shortcut": "BCH",
	"coin_label": "Bitcoin Cash",
	"address_type": 0,
	"address_type_p2sh": 5,
	"maxfee_kb": 500000,
	"minfee_kb": 1000,
	"signed_message_header": "Bitcoin Signed Message:\n",
	"hash_genesis_block": "000000000019d6689c085ae165831e934ff763ae46a2a6c172b3f1b60a8ce26f",
	"xprv_magic": "0488ade4",
	"xpub_magic": "0488b21e",
	"bech32_prefix": null,
	"bip44": 145,
	"segwit": false,
	"forkid": 0,
	"force_bip143": true,
	"default_fee_b": {
		"Low": 10,
		"Economy": 70,
		"Normal": 140,
		"High": 200
	},
	"dust_limit": 546,
	"blocktime_minutes": 10,
	"firmware": "stable",
	"address_prefix": "bitcoincash:",
	"min_address_length": 27,
	"max_address_length": 34,
	"bitcore": [
		"https://bch-bitcore2.trezor.io"
	]
},
{
	"coin_name": "Bcash Testnet",
	"coin_shortcut": "TBCH",
	"coin_label": "Bitcoin Cash Testnet",
	"address_type": 111,
	"address_type_p2sh": 196,
	"maxfee_kb": 10000000,
	"minfee_kb": 1000,
	"signed_message_header": "Bitcoin Signed Message:\n",
	"hash_genesis_block": "000000000933ea01ad0ee984209779baaec3ced90fa3f408719526f8d77f4943",
	"xprv_magic": "04358394",
	"xpub_magic": "043587cf",
	"bech32_prefix": null,
	"bip44": 1,
	"segwit": false,
	"forkid": 0,
	"force_bip143": true,
	"default_fee_b": {
		"Normal": 10
	},
	"dust_limit": 546,
	"blocktime_minutes": 10,
	"firmware": "debug",
	"address_prefix": "bitcoincash:",
	"min_address_length": 27,
	"max_address_length": 34,
	"bitcore": []
},
{
	"coin_name": "Namecoin",
	"coin_shortcut": "NMC",
	"coin_label": "Namecoin",
	"address_type": 52,
	"address_type_p2sh": 5,
	"maxfee_kb": 10000000,
	"minfee_kb": 1000,
	"signed_message_header": "Namecoin Signed Message:\n",
	"hash_genesis_block": "000000000062b72c5e2ceb45fbc8587e807c155b0da735e6483dfba2f0a9c770",
	"xprv_magic": "019d9cfe",
	"xpub_magic": "019da462",
	"bech32_prefix": null,
	"bip44": 7,
	"segwit": false,
	"forkid": null,
	"force_bip143": false,
	"default_fee_b": {
		"Normal": 10
	},
	"dust_limit": 2940,
	"blocktime_minutes": 10,
	"firmware": "stable",
	"address_prefix": "namecoin:",
	"min_address_length": 27,
	"max_address_length": 34,
	"bitcore": []
},
{
	"coin_name": "Litecoin",
	"coin_shortcut": "LTC",
	"coin_label": "Litecoin",
	"address_type": 48,
	"address_type_p2sh": 50,
	"maxfee_kb": 40000000,
	"minfee_kb": 100000,
	"signed_message_header": "Litecoin Signed Message:\n",
	"hash_genesis_block": "12a765e31ffd4059bada1e25190f6e98c99d9714d334efa41a195a7e7e04bfe2",
	"xprv_magic": "019d9cfe",
	"xpub_magic": "019da462",
	"xpub_magic_segwit_p2sh": "01b26ef6",
	"bech32_prefix": "ltc",
	"bip44": 2,
	"segwit": true,
	"forkid": null,
	"force_bip143": false,
	"default_fee_b": {
		"Normal": 1000
	},
	"dust_limit": 54600,
	"blocktime_minutes": 2.5,
	"firmware": "stable",
	"address_prefix": "litecoin:",
	"min_address_length": 27,
	"max_address_length": 34,
	"bitcore": [
		"https://ltc-bitcore3.trezor.io"
	]
},
{
	"coin_name": "Dogecoin",
	"coin_shortcut": "DOGE",
	"coin_label": "Dogecoin",
	"address_type": 30,
	"address_type_p2sh": 22,
	"maxfee_kb": 1000000000,
	"minfee_kb": 1000,
	"signed_message_header": "Dogecoin Signed Message:\n",
	"hash_genesis_block": "1a91e3dace36e2be3bf030a65679fe821aa1d6ef92e7c9902eb318182c355691",
	"xprv_magic": "02fac398",
	"xpub_magic": "02facafd",
	"bech32_prefix": null,
	"bip44": 3,
	"segwit": false,
	"forkid": null,
	"force_bip143": false,
	"default_fee_b": {
		"Normal": 10
	},
	"dust_limit": 10000000,
	"blocktime_minutes": 1,
	"firmware": "stable",
	"address_prefix": "dogecoin:",
	"min_address_length": 27,
	"max_address_length": 34,
	"bitcore": []
},
{
	"coin_name": "Dash",
	"coin_shortcut": "DASH",
	"coin_label": "Dash",
	"address_type": 76,
	"address_type_p2sh": 16,
	"maxfee_kb": 100000,
	"minfee_kb": 10000,
	"signed_message_header": "DarkCoin Signed Message:\n",
	"hash_genesis_block": "00000ffd590b1485b3caadc19b22e6379c733355108f107a430458cdf3407ab6",
	"xprv_magic": "02fe52f8",
	"xpub_magic": "02fe52cc",
	"bech32_prefix": null,
	"bip44": 5,
	"segwit": false,
	"forkid": null,
	"force_bip143": false,
	"default_fee_b": {
		"Normal": 10
	},
	"dust_limit": 5460,
	"blocktime_minutes": 2.5,
	"firmware": "stable",
	"address_prefix": "dash:",
	"min_address_length": 27,
	"max_address_length": 34,
	"bitcore": [
		"https://dash-bitcore1.trezor.io",
		"https://dash-bitcore3.trezor.io"
	]
},
{
	"coin_name": "Zcash",
	"coin_shortcut": "ZEC",
	"coin_label": "Zcash",
	"address_type": 7352,
	"address_type_p2sh": 7357,
	"maxfee_kb": 1000000,
	"minfee_kb": 1000,
	"signed_message_header": "Zcash Signed Message:\n",
	"hash_genesis_block": "00040fe8ec8471911baa1db1266ea15dd06b4a8a5c453883c000b031973dce08",
	"xprv_magic": "0488ade4",
	"xpub_magic": "0488b21e",
	"bech32_prefix": null,
	"bip44": 133,
	"segwit": false,
	"forkid": null,
	"force_bip143": false,
	"default_fee_b": {
		"Normal": 10
	},
	"dust_limit": 546,
	"blocktime_minutes": 2.5,
	"firmware": "stable",
	"address_prefix": "zcash:",
	"min_address_length": 35,
	"max_address_length": 95,
	"bitcore": [
		"https://zec-bitcore1.trezor.io/"
	]
},
{
	"coin_name": "Zcash Testnet",
	"coin_shortcut": "TAZ",
	"coin_label": "Zcash Testnet",
	"address_type": 7461,
	"address_type_p2sh": 7354,
	"maxfee_kb": 10000000,
	"minfee_kb": 1000,
	"signed_message_header": "Zcash Signed Message:\n",
	"hash_genesis_block": "05a60a92d99d85997cce3b87616c089f6124d7342af37106edc76126334a2c38",
	"xprv_magic": "04358394",
	"xpub_magic": "043587cf",
	"bech32_prefix": null,
	"bip44": 1,
	"segwit": false,
	"forkid": null,
	"force_bip143": false,
	"default_fee_b": {
		"Normal": 10
	},
	"dust_limit": 546,
	"blocktime_minutes": 2.5,
	"firmware": "debug",
	"address_prefix": "zcash:",
	"min_address_length": 35,
	"max_address_length": 95,
	"bitcore": []
},
{
	"coin_name": "Bitcoin Gold",
	"coin_shortcut": "BTG",
	"coin_label": "Bitcoin Gold",
	"address_type": 38,
	"address_type_p2sh": 23,
	"maxfee_kb": 500000,
	"minfee_kb": 1000,
	"signed_message_header": "Bitcoin Gold Signed Message:\n",
	"hash_genesis_block": "000000000019d6689c085ae165831e934ff763ae46a2a6c172b3f1b60a8ce26f",
	"xprv_magic": "0488ade4",
	"xpub_magic": "0488b21e",
	"xpub_magic_segwit_p2sh": "049d7cb2",
	"bech32_prefix": "btg",
	"bip44": 156,
	"segwit": true,
	"forkid": 79,
	"force_bip143": true,
	"default_fee_b": {
		"Low": 10,
		"Economy": 70,
		"Normal": 140,
		"High": 200
	},
	"dust_limit": 546,
	"blocktime_minutes": 10,
	"firmware": "stable",
	"address_prefix": "bitcoingold:",
	"min_address_length": 27,
	"max_address_length": 34,
	"bitcore": []
},
{
	"coin_name": "DigiByte",
	"coin_shortcut": "DGB",
	"coin_label": "DigiByte",
	"address_type": 30,
	"address_type_p2sh": 5,
	"maxfee_kb": 500000,
	"minfee_kb": 1000,
	"signed_message_header": "DigiByte Signed Message:\n",
	"hash_genesis_block": "7497ea1b465eb39f1c8f507bc877078fe016d6fcb6dfad3a64c98dcc6e1e8496",
	"xprv_magic": "0488ade4",
	"xpub_magic": "0488b21e",
	"xpub_magic_segwit_p2sh": "049d7cb2",
	"bech32_prefix": "dgb",
	"bip44": 20,
	"segwit": true,
	"forkid": null,
	"force_bip143": false,
	"default_fee_b": {
		"Low": 10,
		"Economy": 70,
		"Normal": 140,
		"High": 200
	},
	"dust_limit": 546,
	"blocktime_minutes": 0.25,
	"firmware": "stable",
	"address_prefix": "digibyte:",
	"min_address_length": 27,
	"max_address_length": 34,
	"bitcore": [
		"https://digiexplorer.info"
	]
},
{
	"coin_name": "Monacoin",
	"coin_shortcut": "MONA",
	"address_type": 50,
	"address_type_p2sh": 55,
	"maxfee_kb": 5000000,
	"minfee_kb": 100000,
	"signed_message_header": "Monacoin Signed Message:\n",
	"hash_genesis_block": "ff9f1c0116d19de7c9963845e129f9ed1bfc0b376eb54fd7afa42e0d418c8bb6",
	"xpub_magic": "0488b21e",
	"xprv_magic": "0488ade4",
	"xpub_magic_segwit_p2sh": "049d7cb2",
	"bech32_prefix": "mona",
	"bip44": 22,
	"segwit": true,
	"forkid": null,
	"force_bip143": false,
	"default_fee_b": {
		"Normal": 100000
	},
	"dust_limit": 54600,
	"blocktime_minutes": 1.5,
	"firmware": "stable",
	"address_prefix": "monacoin:",
	"min_address_length": 27,
	"max_address_length": 34,
	"bitcore": [
		"https://mona.chainsight.info"
	]
}
]
